CREATE DATABASE  IF NOT EXISTS `scheduledslip` /*!40100 DEFAULT CHARACTER SET utf8mb3 */ /*!80016 DEFAULT ENCRYPTION='N' */;
USE `scheduledslip`;
-- MySQL dump 10.13  Distrib 8.0.31, for Win64 (x86_64)
--
-- Host: localhost    Database: scheduledslip
-- ------------------------------------------------------
-- Server version	8.0.31

/*!40101 SET @OLD_CHARACTER_SET_CLIENT=@@CHARACTER_SET_CLIENT */;
/*!40101 SET @OLD_CHARACTER_SET_RESULTS=@@CHARACTER_SET_RESULTS */;
/*!40101 SET @OLD_COLLATION_CONNECTION=@@COLLATION_CONNECTION */;
/*!50503 SET NAMES utf8 */;
/*!40103 SET @OLD_TIME_ZONE=@@TIME_ZONE */;
/*!40103 SET TIME_ZONE='+00:00' */;
/*!40014 SET @OLD_UNIQUE_CHECKS=@@UNIQUE_CHECKS, UNIQUE_CHECKS=0 */;
/*!40014 SET @OLD_FOREIGN_KEY_CHECKS=@@FOREIGN_KEY_CHECKS, FOREIGN_KEY_CHECKS=0 */;
/*!40101 SET @OLD_SQL_MODE=@@SQL_MODE, SQL_MODE='NO_AUTO_VALUE_ON_ZERO' */;
/*!40111 SET @OLD_SQL_NOTES=@@SQL_NOTES, SQL_NOTES=0 */;

--
-- Table structure for table `department`
--

DROP TABLE IF EXISTS `department`;
/*!40101 SET @saved_cs_client     = @@character_set_client */;
/*!50503 SET character_set_client = utf8mb4 */;
CREATE TABLE `department` (
  `BUMONCD` varchar(300) CHARACTER SET utf8mb4 COLLATE utf8mb4_0900_ai_ci NOT NULL,
  `BUMONNM` varchar(300) DEFAULT NULL,
  PRIMARY KEY (`BUMONCD`)
) ENGINE=InnoDB DEFAULT CHARSET=utf8mb3;
/*!40101 SET character_set_client = @saved_cs_client */;

--
-- Dumping data for table `department`
--

LOCK TABLES `department` WRITE;
/*!40000 ALTER TABLE `department` DISABLE KEYS */;
INSERT INTO `department` VALUES ('12345','パイオニア　太郎'),('12346','パイオニア　花子'),('12347','パイオニア　一郎'),('12348','パイオニア　二郎'),('12349','パイオニア　三郎');
/*!40000 ALTER TABLE `department` ENABLE KEYS */;
UNLOCK TABLES;

--
-- Table structure for table `detail`
--

DROP TABLE IF EXISTS `detail`;
/*!40101 SET @saved_cs_client     = @@character_set_client */;
/*!50503 SET character_set_client = utf8mb4 */;
CREATE TABLE `detail` (
  `GYONO` int NOT NULL AUTO_INCREMENT,
  `DENPYONO` int DEFAULT NULL,
  `IDODT` varchar(300) DEFAULT NULL,
  `SHUPPATSUPLC` varchar(300) CHARACTER SET utf8mb4 COLLATE utf8mb4_0900_ai_ci DEFAULT NULL,
  `MOKUTEKIPLC` varchar(300) CHARACTER SET utf8mb4 COLLATE utf8mb4_0900_ai_ci DEFAULT NULL,
  `KEIRO` varchar(300) CHARACTER SET utf8mb4 COLLATE utf8mb4_0900_ai_ci DEFAULT NULL,
  `KINGAKU` float DEFAULT NULL,
  `INSERT_OPE_ID` varchar(300) CHARACTER SET utf8mb4 COLLATE utf8mb4_0900_ai_ci DEFAULT NULL,
  `INSERT_PGM_ID` varchar(300) CHARACTER SET utf8mb4 COLLATE utf8mb4_0900_ai_ci DEFAULT NULL,
  `INSERT_PGM_PRM` varchar(300) CHARACTER SET utf8mb4 COLLATE utf8mb4_0900_ai_ci DEFAULT NULL,
  `INSERT_DATE` timestamp(6) NULL DEFAULT NULL,
  `UPDATE_OPE_ID` varchar(300) CHARACTER SET utf8mb4 COLLATE utf8mb4_0900_ai_ci DEFAULT NULL,
  `UPDATE_PGM_ID` varchar(300) CHARACTER SET utf8mb4 COLLATE utf8mb4_0900_ai_ci DEFAULT NULL,
  `UPDATE_PGM_PRM` varchar(300) CHARACTER SET utf8mb4 COLLATE utf8mb4_0900_ai_ci DEFAULT NULL,
  `UPDATE_DATE` timestamp(6) NULL DEFAULT NULL,
  PRIMARY KEY (`GYONO`),
  KEY `FK_DENPYONO_idx` (`DENPYONO`),
  CONSTRAINT `FK_DENPYONO` FOREIGN KEY (`DENPYONO`) REFERENCES `heading` (`DENPYONO`)
) ENGINE=InnoDB AUTO_INCREMENT=16 DEFAULT CHARSET=utf8mb3;
/*!40101 SET character_set_client = @saved_cs_client */;

--
-- Dumping data for table `detail`
--

LOCK TABLES `detail` WRITE;
/*!40000 ALTER TABLE `detail` DISABLE KEYS */;
INSERT INTO `detail` VALUES (1,3,'2022-12-01','北海道','青森県','A1',2000,NULL,NULL,NULL,NULL,NULL,NULL,NULL,NULL),(3,5,'2022-12-11','宮城県','山形県','A2',5000,NULL,NULL,NULL,NULL,NULL,NULL,NULL,NULL),(4,2,'2022-12-18','茨城県','群馬県','A3',10000,NULL,NULL,NULL,NULL,NULL,NULL,NULL,NULL),(5,3,'2022-12-20','新潟県','石川県','A4',4000,NULL,NULL,NULL,NULL,NULL,NULL,NULL,NULL),(6,4,'2022-12-23','三重県','京都府','A5',6000,NULL,NULL,NULL,NULL,NULL,NULL,NULL,NULL),(7,6,'2022-12-05','大阪府','兵庫県','A2',9000,NULL,NULL,NULL,NULL,NULL,NULL,NULL,NULL),(8,8,'2022-12-15','福岡県','佐賀県','A1',1000,NULL,NULL,NULL,NULL,NULL,NULL,NULL,NULL),(11,13,'2022-12-01','三重県','京都府','A4',20000,NULL,NULL,NULL,NULL,NULL,NULL,NULL,NULL),(12,368353,'2022-12-06','三重県','京都府','A4',30000,NULL,NULL,NULL,NULL,NULL,NULL,NULL,NULL);
/*!40000 ALTER TABLE `detail` ENABLE KEYS */;
UNLOCK TABLES;

--
-- Table structure for table `heading`
--

DROP TABLE IF EXISTS `heading`;
/*!40101 SET @saved_cs_client     = @@character_set_client */;
/*!50503 SET character_set_client = utf8mb4 */;
CREATE TABLE `heading` (
  `DENPYONO` int NOT NULL AUTO_INCREMENT,
  `KAIKEIND` int DEFAULT NULL,
  `UKETUKEDT` date DEFAULT NULL,
  `DENPYODT` date DEFAULT NULL,
  `BUMONCD_YKANR` varchar(300) CHARACTER SET utf8mb4 COLLATE utf8mb4_0900_ai_ci DEFAULT NULL,
  `BIKO` varchar(300) CHARACTER SET utf8mb4 COLLATE utf8mb4_0900_ai_ci DEFAULT NULL,
  `SUITOKB` varchar(300) CHARACTER SET utf8mb4 COLLATE utf8mb4_0900_ai_ci DEFAULT NULL,
  `SHIHARAIDT` date DEFAULT NULL,
  `KINGAKU` float DEFAULT NULL,
  `INSERT_OPE_ID` varchar(300) CHARACTER SET utf8mb4 COLLATE utf8mb4_0900_ai_ci DEFAULT NULL,
  `INSERT_PGM_ID` varchar(300) CHARACTER SET utf8mb4 COLLATE utf8mb4_0900_ai_ci DEFAULT NULL,
  `INSERT_PGM_PRM` varchar(300) CHARACTER SET utf8mb4 COLLATE utf8mb4_0900_ai_ci DEFAULT NULL,
  `INSERT_DATE` timestamp(6) NULL DEFAULT NULL,
  `UPDATE_OPE_ID` varchar(300) CHARACTER SET utf8mb4 COLLATE utf8mb4_0900_ai_ci DEFAULT NULL,
  `UPDATE_PGM_ID` varchar(300) CHARACTER SET utf8mb4 COLLATE utf8mb4_0900_ai_ci DEFAULT NULL,
  `UPDATE_PGM_PRM` varchar(300) CHARACTER SET utf8mb4 COLLATE utf8mb4_0900_ai_ci DEFAULT NULL,
  `UPDATE_DATE` timestamp(6) NULL DEFAULT NULL,
  PRIMARY KEY (`DENPYONO`),
  KEY `FK_BUMONCD_YKANR_idx` (`BUMONCD_YKANR`),
  CONSTRAINT `FK_BUMONCD_YKANR` FOREIGN KEY (`BUMONCD_YKANR`) REFERENCES `department` (`BUMONCD`)
) ENGINE=InnoDB AUTO_INCREMENT=368357 DEFAULT CHARSET=utf8mb3;
/*!40101 SET character_set_client = @saved_cs_client */;

--
-- Dumping data for table `heading`
--

LOCK TABLES `heading` WRITE;
/*!40000 ALTER TABLE `heading` DISABLE KEYS */;
INSERT INTO `heading` VALUES (2,2022,'2022-11-10','2022-11-10','12347','comment 2','AutoPay','2022-11-30',20000,NULL,NULL,NULL,NULL,NULL,NULL,NULL,'2022-12-14 06:44:22.000000'),(3,2022,'2022-10-03','2022-11-06','12347','comment 3','Checks','2022-11-28',30000,NULL,NULL,NULL,NULL,NULL,NULL,NULL,NULL),(4,2022,'2022-10-04','2022-11-05','12349','comment 4','Debit Cards','2022-12-14',10000,NULL,NULL,NULL,NULL,NULL,NULL,NULL,NULL),(5,2022,'2022-10-05','2022-11-09','12348','comment 5','Mobile Payments','2022-11-29',20000,NULL,NULL,NULL,NULL,NULL,NULL,NULL,NULL),(6,2022,'2022-11-06','2022-11-07','12345','comment 6','Debit Cards','2022-11-14',15000,NULL,NULL,NULL,NULL,NULL,NULL,NULL,NULL),(7,2022,'2022-10-07','2022-11-11','12345','comment 7','Mobile Payments','2022-12-01',2000,NULL,NULL,NULL,NULL,NULL,NULL,NULL,NULL),(8,2022,'2022-10-12','2022-11-10','12345','comment 8','Cash','2022-12-06',3000,NULL,NULL,NULL,NULL,NULL,NULL,NULL,NULL),(9,2022,'2022-10-09','2022-11-09','12347','comment 9','Debit Cards','2022-12-14',10000,NULL,NULL,NULL,NULL,NULL,NULL,NULL,'2022-12-14 06:39:25.000000'),(10,2022,'2022-11-08','2022-11-04','12347','comment 10','AutoPay','2022-11-08',25000,NULL,NULL,NULL,NULL,NULL,NULL,NULL,NULL),(11,2022,'2022-10-06','2022-11-01','12348','comment 11','Checks','2022-12-21',15000,NULL,NULL,NULL,NULL,NULL,NULL,NULL,NULL),(12,2022,'2022-10-07','2022-11-03','12345','comment 12','Credit Cards','2022-11-25',2000,NULL,NULL,NULL,NULL,NULL,NULL,NULL,NULL),(13,2022,'2022-10-08','2022-11-05','12346','comment 13','Mobile Wallet','2022-11-14',3000,NULL,NULL,NULL,NULL,NULL,NULL,NULL,NULL),(368353,2022,'2022-12-09','2022-12-07','12349','test coment','Checks','2022-12-08',NULL,NULL,NULL,NULL,NULL,NULL,NULL,NULL,'2022-12-07 03:57:26.000000'),(368354,2022,'2022-12-14','2022-12-07','12348','test coment','Email Invoicing','2022-12-12',NULL,NULL,NULL,NULL,'2022-12-07 03:58:48.000000',NULL,NULL,NULL,'2022-12-15 05:39:22.000000');
/*!40000 ALTER TABLE `heading` ENABLE KEYS */;
UNLOCK TABLES;
/*!40103 SET TIME_ZONE=@OLD_TIME_ZONE */;

/*!40101 SET SQL_MODE=@OLD_SQL_MODE */;
/*!40014 SET FOREIGN_KEY_CHECKS=@OLD_FOREIGN_KEY_CHECKS */;
/*!40014 SET UNIQUE_CHECKS=@OLD_UNIQUE_CHECKS */;
/*!40101 SET CHARACTER_SET_CLIENT=@OLD_CHARACTER_SET_CLIENT */;
/*!40101 SET CHARACTER_SET_RESULTS=@OLD_CHARACTER_SET_RESULTS */;
/*!40101 SET COLLATION_CONNECTION=@OLD_COLLATION_CONNECTION */;
/*!40111 SET SQL_NOTES=@OLD_SQL_NOTES */;

-- Dump completed on 2022-12-22 10:18:02
